row_id,dataset_idx,question,decision,gold,pred,all_gold_answers,context_full,retrieval_quality,utilization_type,notes
0,9,국무회의의 심의를 거쳐야 한다는 헌법 제 몇 조의 내용인가?,SEARCH,제89조,국무회의의 심의를 거쳐야 한다.,제89조,"""내각과 장관들이 소외되고 대통령비서실의 권한이 너무 크다"", ""행보가 비서 본연의 역할을 벗어난다""는 의견이 제기되었다. 대표적인 예가 10차 개헌안 발표이다. 원로 헌법학자인 허영 경희대 석좌교수는 정부의 헌법개정안 준비 과정에 대해 ""청와대 비서실이 아닌 국무회의 중심으로 이뤄졌어야 했다""고 지적했다. '국무회의의 심의를 거쳐야 한다'(제89조)는 헌법 규정에 충실하지 않았다는 것이다. 그러면서 ""법무부 장관을 제쳐놓고 민정수석이 개정안을 설명하는 게 이해가 안 된다""고 지적했다. 민정수석은 국회의원에 대해 책임지는 법무부 장관도 아니고, 국민에 대해 책임지는 사람도 아니기 때문에 정당성이 없고, 단지 대통령의 신임이 있을 뿐이라는 것이다. 또한 국무총리 선출 방식에 대한 기자의 질문에 ""문 대통령도 취임 전에 국무총리에게 실질적 권한을 주겠다고 했지만 그러지 못하고 있다. 대통령비서실장만도 못한 권한을 행사하고 있다.""고 답변했다.",,,
1,12,로널드 레이건 정부 출범 당시 알렉산더 헤이그는 어떤 직책을 맡았는가?,SEARCH,초대 국무장관직,알렉산더 헤이그는 로널드 레이건 정부 출범 당시 초대 국무장관을 맡았다.,초대 국무장관직,"알렉산더 메이그스 헤이그 2세(영어: Alexander Meigs Haig, Jr., 1924년 12월 2일 ~ 2010년 2월 20일)는 미국의 국무 장관을 지낸 미국의 군인, 관료 및 정치인이다. 로널드 레이건 대통령 밑에서 국무장관을 지냈으며, 리처드 닉슨과 제럴드 포드 대통령 밑에서 백악관 비서실장을 지냈다. 또한 그는 미국 군대에서 2번째로 높은 직위인 미국 육군 부참모 총장과 나토 및 미국 군대의 유럽연합군 최고사령관이었다. 한국 전쟁 시절 더글러스 맥아더 유엔군 사령관의 참모로 직접 참전하였으며, 로널드 레이건 정부 출범당시 초대 국무장관직을 맡아 1980년대 대한민국과 미국의 관계를 조율해 왔다. 저서로 회고록 《경고:현실주의, 레이건과 외교 정책》(1984년 발간)이 있다.",,,
2,15,미국 군대에서 두번째로 높은 직위는?,SEARCH,미국 육군 부참모 총장,미국 육군 부참모총장,미국 육군 부참모 총장,"알렉산더 메이그스 헤이그 2세(영어: Alexander Meigs Haig, Jr., 1924년 12월 2일 ~ 2010년 2월 20일)는 미국의 국무 장관을 지낸 미국의 군인, 관료 및 정치인이다. 로널드 레이건 대통령 밑에서 국무장관을 지냈으며, 리처드 닉슨과 제럴드 포드 대통령 밑에서 백악관 비서실장을 지냈다. 또한 그는 미국 군대에서 2번째로 높은 직위인 미국 육군 부참모 총장과 나토 및 미국 군대의 유럽연합군 최고사령관이었다. 한국 전쟁 시절 더글러스 맥아더 유엔군 사령관의 참모로 직접 참전하였으며, 로널드 레이건 정부 출범당시 초대 국무장관직을 맡아 1980년대 대한민국과 미국의 관계를 조율해 왔다. 저서로 회고록 《경고:현실주의, 레이건과 외교 정책》(1984년 발간)이 있다.",,,
3,31,제럴드 포드 대통령 시기 헤이그가 최고사령부의 최고 사령관으로 임명된 곳은 어디인가?,SEARCH,미국 유럽 연합군,나토,미국 유럽 연합군,"헤이그는 닉슨 대통령이 그를 사성 장군과 육군 부참모로 진급시킬 때 집중 광선과 논쟁으로 들어갔다. 헤이그를 군사의 최상으로 밀어넣은 닉슨의 행동은 대통령의 남자들을 다양한 연방 대리법에서 권한의 직우들로 놓은 노력과 함께 일치였다. 하지만 그는 곧 백악관으로 돌아가 1973년부터 1974년까지 대통령 특별 보좌관을 지냈다. 워터게이트 사건이 일어난지 한달 후, 헤이그는 포위된 닉슨 대통령을 위한 치명적 역할을 하였다. 그일은 8월 닉슨의 사임과 제럴드 포드의 대통령으로 계승으로 이끈 협상들에서 헤이그가 수단이었던 우연이 아니었다. 곧 후에 헤이그는 미국 유럽 연합군 최고사령부의 최고 사령관으로 임명되었다. 그는 나토에서 다음 5년을 보내고 1979년 군에서 퇴역하여 미국 기술 주식 회사의 우두머리가 되었다.",,,
4,46,1규빗을 미터법으로 환산하면 얼마인가?,NO_SEARCH,45~46cm,1규빗은 약 1.83 미터입니다.,45~46cm,"노아는 하나님의 명령에 따라 배를 만들고 가족과 정결한 짐승 암수 일곱 마리씩, 부정한 짐승 암수 한 마리씩(혹은 두 마리씩; 사본에 따라 다름), 그리고 새 암수 일곱 마리씩을 싣고 밀어닥친 홍수를 피하였다. 모든 사람들이 타락한 생활에 빠져 있어 하나님이 홍수로 심판하려 할 때 홀로 바르게 살던 노아는 하나님의 특별한 계시로 홍수가 올 것을 미리 알게 된다. 그는 길이 300 규빗, 너비 50 규빗, 높이 30 규빗(고대의 1규빗은 팔꿈치에서 가운데 손가락끝까지의 길이로 약 45~46cm를 가리킴), 상 ·중 ·하 3층으로 된 방주를 만들어 8명의 가족과, 한 쌍씩의 여러 동물을 데리고 이 방주에 탄다. 대홍수를 만나 모든 생물(물고기 제외)이 전멸하고 말았지만, 이 방주에 탔던 노아의 가족과 동물들은 살아 남았다고 한다.〈창세기〉 6장 14~16절에 보면 길이 300규빗 (약 135m), 폭 50 규빗 (약 22.5m), 높이 30 규빗 (약 13.5m)인 이 배는 지붕과 문을 달고 배 안은 3층으로 만들어져 있었다. 선체(船體)는 고페르나무(잣나무)로 되고 안쪽에는 역청(아스팔트와 비슷한 성분)을 칠하여 굳혔다고 기록하고 있다.",,,
5,49,노아의 방주를 상징적 의미로 받아들이는 종교는 무엇인가?,NO_SEARCH,기독교,"이스라엘 종교, 특히 유대교. 노아의 방주는 유대교에서 인간의 죄와 회개, 그리고 하나님과의 약속을 상징한다.",기독교,"역사학과 과학이 발달하지 않았던 과거 전통 신학계에서는 근본주의적 시각을 받아들여 노아의 방주를 역사적 사실로 기술하려 했으며, 이러한 관점은 아직도 과학과 역사학에 어두운 보수적 근본주의계열의 개신교에서만 받아들여지고 있다. 하지만 역사학과 과학의 발달로 인해, 노아의 방주의 실존에 대한 의문이 제기가 되고, 세계적 홍수가 존재할 수 없음이 밝혀짐에 따라 현대 신학계에서는 비록 노아의 홍수가 과학적으로 실존하지는 않았지만 그 자체의 의미는 신학적으로 매우 중요하며, 이에 대한 해석은 다양하게 이루어지고 있으며, 대부분의 기독교(가톨릭, 개신교를 포함한 대부분)에서는 노아의 방주는 상징적 의미로 받아들여진다. 그러므로 과학과는 상관없이 신학적으로 노아의 방주 자체의 의미는 중요하게 해석된다고 한다",,,
6,54,현재도 노아의 방주를 역사적 사실로 받아들이는 집단은?,SEARCH,보수적 근본주의계열의 개신교,"과학과 역사학의 발달 이후에도 상징적 의미로 받아들여지는 기독교의 대부분에서 노아의 방주를 역사적 사실로 받아들이는 것은 아니며, 오히려 과학과 역사학",보수적 근본주의계열의 개신교,"역사학과 과학이 발달하지 않았던 과거 전통 신학계에서는 근본주의적 시각을 받아들여 노아의 방주를 역사적 사실로 기술하려 했으며, 이러한 관점은 아직도 과학과 역사학에 어두운 보수적 근본주의계열의 개신교에서만 받아들여지고 있다. 하지만 역사학과 과학의 발달로 인해, 노아의 방주의 실존에 대한 의문이 제기가 되고, 세계적 홍수가 존재할 수 없음이 밝혀짐에 따라 현대 신학계에서는 비록 노아의 홍수가 과학적으로 실존하지는 않았지만 그 자체의 의미는 신학적으로 매우 중요하며, 이에 대한 해석은 다양하게 이루어지고 있으며, 대부분의 기독교(가톨릭, 개신교를 포함한 대부분)에서는 노아의 방주는 상징적 의미로 받아들여진다. 그러므로 과학과는 상관없이 신학적으로 노아의 방주 자체의 의미는 중요하게 해석된다고 한다",,,
7,61,유사지질학인 홍수지질학이 근원은?,SEARCH,제칠일안식교,성경에 나오는 노아의 홍수와 관련된 역사적 흔적을 찾기 위한 주장에서 비롯됨.,제칠일안식교,"역사학과 과학의 발달이 더뎠던 고대사회에서는, 성경이 단순한 교리적인 부분 뿐 아니라 역사책으로서의 권위도 높았기에 노아의 방주를 역사적인 존재로서 다루고 있었다. 이는 제칠일안식교에서 비롯된 의사과학의 한 종류인 유사지질학인 홍수지질학과 같은 것에 영향을 주었으며, 과거 신학에서는 이러한 근본주의적 해석을 받아들여 역사와 사회적인 모든 부분에 있어 성경을 교과서로 채택할 것을 촉구했다. 이러한 홍수지질학을 주장했던 유사지질학자들은 성경에 나오는 노아의 홍수가 어딘가에 그 흔적이 남아 있을것이라고 주장하며 노아의 방주를 찾기 위한 노력을 했다고 주장한다. 이들은 같은 메소포타미아 지방의 신화인 이슬람교 경전이나 길가메쉬 서사시등의 신화를 들어서 이를 근거라고 주장하기도 했다. 그러나 이러한 전통적 근본주의적 시각은 과거에는 상당히 힘을 얻었으나, 역사학과 과학의 발달에 따라 힘을 잃게 되었고, 홍수지질학은 유사과학으로서 남게 되었다. 현대에는 뒤의 실존논란에서 다루는 것처럼 이러한 근본주의적 해석은 비과학적인 해석으로 여기는 것이 일반적이지만, 남침례교로 대표되는 극보수주의계열 기독교에서는 아직도 이것이 받아들여지고 있다.",,,
8,77,노아 가족과 동물들이 노아의 방주에서 버틴 날짜는 총 몇일인가?,SEARCH,375일,40일,375일,"기독교 성경 내용에는 모든 종들을 방주에 태운다고 이야기하고 있으나, 어류나 수중 생물에 대해서는 언급하지 않았다. 이것을 신학적 의미로만 받아들이면 괜찮은 문제이나, 이 현상이 실제로 일어났다고 가정할 경우,이는 종 간 생존 환경의 차이에 대해서 간과하고 있다. 수중 생물이라 하더라도 종에 따라 생존할 수 있는 환경은 각각 다른 것이며, 40일 이내에 현존하는 가장 높은 산인 에베레스트 산도 잠기게 할 정도의 폭우로 인해 담수와 염수가 급작스럽게 섞일 경우, 급격한 삼투압 변화로 인해 대부분의 수생생물들이 폐사하게 되며, 결과적으로 육지 뿐 아니라 바다와 강의 모든 생태계가 파괴된다. 이후 5천년이라는 지극히 짧은 세월 동안 지구상의 동식물이 모두 페름기 대멸종 또는 K-T 대멸종에 준하는 대량절멸에 가까운 상태에서부터 시작하여 현재의 대략 870만(±120만)종에 달하는 생물다양성을 획득하려면 모든 생물들이 각 세대마다 종분화가 일어나야 할 만큼 엄청난 속도로 진화 및 번식이 (멸종 없이) 이루어져야만 가능한 일이다. (이와 관련하여 창조과학회 측에서는 북극곰의 예시를 통해 가지고 있던 특성이 없어지는 것이 진화가 아니라고 주장하지만, 통상적으로 알려진 바와 같이 생물학에서는 이미 존재하는 특성이 없어지는 현상, 즉 퇴화 역시 진화의 정의에 포함된다.) 즉, 노아의 홍수가 실재하는 사건이었다면 진화적 종분화가 현재까지 알려진 것과 비교할 수 없이 엄청난 속도로 이루어져야만 현재 지구의 생물다양성을 설명할 수 있다. 게다가 이것은 현재의 생물종 멸종 속도를 전혀 고려하지 않았다. 다시 말해, 노아의 홍수가 실재하는 전지구적인 사건이기 위해서는 최소 캄브리아기 대폭발 수준의 폭발적인 진화적 종분화가 1-2억년이 아니라 최대 3-4천년 이내에 이루어졌어야만 현생 지구의 생물다양성에 대한 설명이 가능해진다. 그보다 더 중요한 것은, 각 동물들이 차지하는 영역과 먹이사슬에서의 위치, 375일 동안 먹이도 없이 밀폐된 공간으로 인해 받을 스트레스 등 생태적 지위에 대한 고려가 전혀 없다는 점이다. 또한 바다에서 생존이 불가능한 생물종까지 숫자에 포함되었다는 점에서 논란이 있다.",,,
9,93,하코다테 전쟁 시 반류마루의 함장의 이름은 무엇인가?,SEARCH,마쓰오카 바키치,문서에서 하코다테 전쟁 시 반류마루의 함장 이름이 언급되지 않았습니다.,마쓰오카 바키치,"일련의 하코다테 전쟁은 적아 쌍방의 문서에 마쓰오카 바키치 함장의 능란한 조함 능력과 냉정한 지휘만이 기록되어 있다. 함포 사격으로 마쓰마에 성을 공격하여 엄호한 이후, 1869년 메이지 2년 3월 25일 미야코 만 해전에서는 폭풍우를 만나 요함과 헤어졌을 때에 만날 약속했던 하치노헤 항에서 대기하고 있었기 때문에 참전에는 이르지 못했다. 이 폭풍우 때도 “함장 마쓰오카 바키치는 배를 조정하는 명수로 로프 하나 손상되지 않았다”고 타고 있던 하야시 다다스가 남긴 바 있다. 이 귀로에서 신정부 군의 철갑함의 추격을 받았다. 기관 능력의 차이로 인한 속도차 때문에 도주가 불가능하다고 판단하고 맞장 공격을 하겠다고 전투 준비를 했지만, 철갑선의 사정거리에 들어간 순간에 순풍이 불기 시작하여 추격을 뿌리치고 하코다테로 돌아올 수 있었다.",,,
10,101,1869년 5월 11일 하코다테 해전에서 반류마루가 응전을 벌인 함대는?,SEARCH,신정부 군 함대,신정부군 함대,신정부 군 함대,"같은 해 5월 11일의 하코다테 총공격(하코다테 해전)에서 벤텐 다이바와 기관 고장으로 움직일 수 없는 떠 있는 포대가 된 가이텐마루의 원호를 받으며 신정부 군 함대와 응전을 벌인다. 새 정부 군함 초요마루의 화약고에 작렬탄을 명중시켜 초요마루는 대폭발을 일으켜 2분만에 굉침된다. 이것은 구 막부군의 사기를 단번에 향상시켰다. 그후 반류마루는 신정부군의 집중 포화를 맞았다. 응전을 계속했지만, 오후가 되면서 탄약이 완전히 소진되었기 때문에 부득이 퇴함을 결정했고, 벤텐 다이바 아래까지 물러나 얕은 물에 좌초시켰다. 승무원은 기관을 파괴 후 (함장 마쓰오카 바키치가 ‘나중에 사용할 수도 있을 것’이라고 방화를 금지했기 때문에 불태우지는 않음), 벤텐 다이바 근처에 도착, 적지 한 가운데를 가로질러 오다이바로 들어갔다. 이날 신정부군의 손에 반류마루는 방화를 당했지만, 화재는 돛대를 태우는 정도에 그쳤고, 선체는 대부분 타지 않았으며, 그 중간 돛대가 부러지면서 균형을 잃고 전복되면서 진화되었다.",,,
11,106,반류마루 함장의 이름은?,SEARCH,마쓰오카 바키치,문서에서 반류마루 함장의 이름은 언급되지 않았습니다.,마쓰오카 바키치,"같은 해 5월 11일의 하코다테 총공격(하코다테 해전)에서 벤텐 다이바와 기관 고장으로 움직일 수 없는 떠 있는 포대가 된 가이텐마루의 원호를 받으며 신정부 군 함대와 응전을 벌인다. 새 정부 군함 초요마루의 화약고에 작렬탄을 명중시켜 초요마루는 대폭발을 일으켜 2분만에 굉침된다. 이것은 구 막부군의 사기를 단번에 향상시켰다. 그후 반류마루는 신정부군의 집중 포화를 맞았다. 응전을 계속했지만, 오후가 되면서 탄약이 완전히 소진되었기 때문에 부득이 퇴함을 결정했고, 벤텐 다이바 아래까지 물러나 얕은 물에 좌초시켰다. 승무원은 기관을 파괴 후 (함장 마쓰오카 바키치가 ‘나중에 사용할 수도 있을 것’이라고 방화를 금지했기 때문에 불태우지는 않음), 벤텐 다이바 근처에 도착, 적지 한 가운데를 가로질러 오다이바로 들어갔다. 이날 신정부군의 손에 반류마루는 방화를 당했지만, 화재는 돛대를 태우는 정도에 그쳤고, 선체는 대부분 타지 않았으며, 그 중간 돛대가 부러지면서 균형을 잃고 전복되면서 진화되었다.",,,
12,129,아리스토텔레스가 철학의 중심 분야로 간주한 것은?,NO_SEARCH,신학,아리스토텔레스는 철학의 중심 분야로 '물리학'을 간주했다.,신학,"철학과 같이, 대부분의 종교 연구는 실험을 하지 않는다. 신학은 신의 존재와 본성을 다루는 부분이 있으며, 그 점에서는 명확하게 종교 철학과 관심사가 겹쳐진다. 아리스토텔레스는 신학을 형이상학에서 뻗어나온 가지로서 철학의 중심 분야로 간주했으며, 대부분의 서양 철학자는 20세기에 이르기까지 신학적인 질문에 답하려고 노력했다. 따라서 철학과 신학은 관계가 없지 않다. 그러나 세계 종교의 차이를 비교하는 비교 종교학을 비롯한 종교 연구의 다른 부분에서는, 철학이 다른 사회과학과 구분되듯이 종교 연구와 철학이 쉽게 구분된다. 이러한 종교 연구는 역사학이나 사회학에 좀 더 가깝고, 특정 종교의 실천과 같은 특정한 현상이 명확하게 드러내는 특성을 관찰한다.",,,
13,130,아리스토텔레스가 신학이 뻗어나온 곳이라고 간주한 것은?,NO_SEARCH,형이상학,아리스토텔레스는 신학이 뻗어나온 곳으로는 자연철학을 간주했다.,형이상학,"철학과 같이, 대부분의 종교 연구는 실험을 하지 않는다. 신학은 신의 존재와 본성을 다루는 부분이 있으며, 그 점에서는 명확하게 종교 철학과 관심사가 겹쳐진다. 아리스토텔레스는 신학을 형이상학에서 뻗어나온 가지로서 철학의 중심 분야로 간주했으며, 대부분의 서양 철학자는 20세기에 이르기까지 신학적인 질문에 답하려고 노력했다. 따라서 철학과 신학은 관계가 없지 않다. 그러나 세계 종교의 차이를 비교하는 비교 종교학을 비롯한 종교 연구의 다른 부분에서는, 철학이 다른 사회과학과 구분되듯이 종교 연구와 철학이 쉽게 구분된다. 이러한 종교 연구는 역사학이나 사회학에 좀 더 가깝고, 특정 종교의 실천과 같은 특정한 현상이 명확하게 드러내는 특성을 관찰한다.",,,
14,140,생활이 어려워 무예를 중단한 임세영은 누구의 밑에서 다시 시작했는가?,SEARCH,종홍산(鐘洪山),임세영은 종홍산의 밑에서 다시 무예를 수련하기 시작했다.,종홍산(鐘洪山),임세영은 중국 광동성 남해현 출신으로 정육점을 경영하던 사람이었다. 그래서 사람들은 그를 '돼지장수 임(林)군'이라고 불렀다고 한다. 임세영이 자라던 시기는 청나라의 국력이 쇠퇴하여 시국이 매우 불안정한 때였고 임세영은 난세를 구할 큰 뜻을 품고 무예를 연마할 뜻을 품게 된다. 그리하여 비밀결사에 가입하여 무예를 배우기 시작하였으나 흡족하지 못해 고금성(古金星)의 제자로 입문하여 수 년간 무예를 연마하였다. 하지만 생활이 어려워 그마저도 오래 가지 못하고 도중에 중단하여 홀로 수련해야했다. 나중에 종홍산(鐘洪山)이라는 스승 밑에서 다시 무예 수련을 시작한 그는 홍권의 일대종사로 유명한 황비홍의 명성을 듣고 뜻이 맞는 동지들과 함께 유영복(劉永福)의 수군 교관으로 무술을 지도하고 있는 황비홍에게 찾아가 그의 제자가 되어 본격적으로 무예를 수련하기 시작한다.,,,
15,218,세계여성평화그룹의 영어 약어는 무엇인가?,SEARCH,IWPG,International Womens Peace Group,IWPG,"세계여성평화그룹(International Womens Peace Group)의 홍보 동영상의 2분 12초 부분에 반기문 총장이 김남희 대표와 나란히 서서 찍은 사진 한 컷이 담겨 있다. 더불어민주당은 IWPG(여성평화그룹)가 신천지와 친밀한 관계라는 의혹과 관련하여 반기문에게 해명을 요구했다. 두자릭 UN 대변인은 ""사무총장은 가는 곳마다 다가온 사람들로부터 셀카를 위한 포즈나 사진을 함께 찍자는 요청을 받으며 거의 대부분 응한다. 그런 상황에서 유엔 직원이 이들의 신원이나 소속기관을 확인하는 것은 불가능에 가깝다. 따라서, 사진은 사무총장이 그 사람의 소속단체를 알거나 지지한다는 것을 의미하지 않는다""고 반박했다. 한편, 신천지 예수교 증거장막성전 측은 김남희 세계여성평화그룹(IWPG) 대표가 신천지 신자인 것은 맞지만 IWPG와 신천지는 전혀 무관하다며 “반기문 사무총장과 같이 사진을 찍은 것도 2015년 3월 8일 뉴욕에서 있은 '세계여성의 날' 기념행사에 IWPG 대표로서 참석해 반기문 사무총장과 같이 사진을 찍은 것 뿐”이라고 말했다.",,,
16,244,각종 문헌과 기록에 등장하는 금강산의 별칭은 총 몇개인가?,SEARCH,9가지,9개,9가지,"오랜 옛날부터 이미 금강산의 아름다움은 국내외로 유명했으며, 한국을 대표하는 산으로 알려졌다. 또한 전국의 명산, 명소들이 금강산에 빗대어 별명이 붙여지기도 하였다. 각종 문헌과 기록에 등장하는 금강산의 별칭은 모두 9가지 이며, 대체로 계절에 따라 여러 이름으로 불려 왔다. 금강은 온 산이 새싹과 꽃에 뒤덮일 때인 봄의 이름이며, 여름에는 녹음이 깔리므로 봉래산(蓬萊山), 가을에는 일천 이만 봉이 단풍으로 물들어 풍악산(楓嶽山), 겨울에는 낙엽이 져서 바위들이 앙상한 뼈처럼 드러나므로 개골산(皆骨山)이라고 불린다. 하지만 이처럼 많은 이름을 가진 산이 금강산으로 널리 알려진 이유는 이곳이 불교의 영지(靈地)로 알려져 있기 때문이다. ‘금강’이라는 말은 산스크리트어의 바이아라(번개와 다이아몬드)와 통한다.",,,
17,255,금강산의 지질층은 무엇으로 이루어져 있는가?,SEARCH,여러 종류의 암석,금강산의 지질층은 운모가 섞인 화강암과 얼룩이 진 화강암으로 이루어져 있다.,여러 종류의 암석,"금강산을 만든 것은 이 지역의 독특한 기후와 특유의 지질 활동과 관련이 깊다. 금강산 일대는 비와 눈이 비교적 많이 내리는 지역으로, 고도와 심지어 동서의 위치에 따라서도 기후가 다르며, 금강산의 지질층은 태고계로부터 신생계에 걸친 오랜 지질시대에 속하는 여러 종류의 암석으로 이루어져 있다. 가장 널리 분표된 암석은 두 종류(운모가 섞인 것과 얼룩이 진 것)의 화강암으로 지역에 따라서는 화강-편마암 수정 지대가 형성돼 있다. 암석들은 가로세로로 나고 가지가지 방향으로 절리가 생겨 특이한 지형과 기이한 바위를 형성하는데, 이들은 오랫동안 지각활동과 풍화작용으로 침식, 삭박됨에 따라 형성되었다. 이들 작용은 1천만 년 전부터 현세까지 진행된 궁융상지괴응기 운동으로 형성되었다.",,,
18,294,현대그룹의 창업자는?,NO_SEARCH,정주영,현대그룹의 창업자는 한승재입니다.,정주영,"현대그룹 창업자 정주영이 1989년 방북하여 금강산 관광개발 의정서를 체결한 9년 뒤인 1998년 11월 18일에 금강호가 첫 출항함으로써 본격적인 금강산 관광이 시작되었다. 2001년 1월 6일부터 3년 동안 한국 최초의 호텔식 테마 여객선 설봉호를 이용하여 해로 관광이 가능해졌다. 금강산 지역은 2002년 11월 23일에 금강산관광지구라는 특별행정구역으로 명명되었다. 2003년 2월 14일 DMZ를 통과하는 역사적인 육로 관광이 시범 운영된 뒤로 육로 관광이 계속 유지되고 있으며, 이 육로 관광은 버스를 이용하여 금강산으로 갈 수 있도록 되어 있다. 매년 관광객 수 증가에 큰 영향을 미치고 있다. 도중에 몇 차례 중단된 적이 있었는데, 정몽헌의 자살, 사스 사태, 민간인 민영미 억류 사건이 일어났을 때이다. 이중 억류 사건은, 관광 세칙과 신변안전보장 합의서를 체결한 후 일단락되었다. 2008년 3월부터는 자가용을 이용한 승용차관광도 할 수 있게 되었다. 현대아산 측은 2005년 6월에 금강산 관광객이 100만 명을 돌파했다고 발표 했으며, 2008년 말 기준으로 통산 관광객 수는 195만 명에 달한다.",,,
